,state,place_category,State,AvgTemp
0,CA,641,CA,63.545296899632234
1,MA,513,MA,50.65961070559615
2,TX,365,TX,68.8325977301389
3,NY,355,NY,50.569508670520186
4,MI,265,MI,48.676352395672346
5,NV,239,NV,55.86645161290322
6,FL,200,FL,74.03710118505018
7,IL,200,IL,54.2171693735499
8,WA,200,WA,53.43249258160233
9,VA,16,VA,59.82475247524759
10,MD,13,MD,56.71236559139785
11,NJ,6,NJ,54.8008928571429
12,NH,1,NH,47.21727748691102
