,City Name,restaurant_per_capita
0,Chicago,7.419503946805124e-05
3,Boston,6.314828188097682e-05
1,Phoenix,2.7669559057906853e-05
4,Somerville,1.3200623069408876e-05
